"Date","Browser Type","Referer","Remote IP"
"2011-05-09 06:18:47.0","Mozilla/5.0 (compatible; bingbot/2.0; +http://www.bing.com/bingbot.htm)","","207.46.204.233"

"2011-05-09 09:29:59.0","Mozilla/5.0 (Windows NT 6.1) AppleWebKit/534.24 (KHTML, like Gecko) Chrome/11.0.696.65 Safari/534.24","http://email06.secureserver.net/webmail.php?login=1","203.87.176.23"

"2011-05-09 21:06:49.0","Mozilla/5.0 (iPhone; U; CPU iPhone OS 4_2_1 like Mac OS X; en-us) AppleWebKit/533.17.9 (KHTML, like Gecko) Version/5.0.2 Mobile/8C148 Safari/6533.18.5","","166.137.9.21"

"2011-05-10 18:40:04.0","Mozilla/5.0 (iPhone; U; CPU iPhone OS 4_3_1 like Mac OS X; en-us) AppleWebKit/533.17.9 (KHTML, like Gecko) Version/5.0.2 Mobile/8G4 Safari/6533.18.5","http://www.equibidz.com/registration/","166.137.11.173"

"2011-05-10 20:42:07.0","Mozilla/5.0 (compatible; Googlebot/2.1; +http://www.google.com/bot.html)","","66.249.68.40"
"2011-05-11 06:02:48.0","Mozilla/5.0 (compatible; MSIE 9.0; Windows NT 6.1; WOW64; Trident/5.0)","","64.53.200.117"

"2011-05-11 07:54:59.0","","","128.91.252.157"

"2011-05-11 09:24:55.0","Mozilla/5.0 (compatible; Baiduspider/2.0; +http://www.baidu.com/search/spider.html)","","123.125.71.110"

"2011-05-11 09:25:15.0","Mozilla/5.0 (compatible; Baiduspider/2.0; +http://www.baidu.com/search/spider.html)","","123.125.71.96"

"2011-05-11 09:25:21.0","Mozilla/5.0 (compatible; Baiduspider/2.0; +http://www.baidu.com/search/spider.html)","","123.125.71.115"
"2011-05-11 09:25:25.0","Mozilla/5.0 (compatible; Baiduspider/2.0; +http://www.baidu.com/search/spider.html)","","123.125.71.117"

"2011-05-11 10:49:01.0","Mozilla/5.0 (compatible; ReactionEngine/V3.0; +http://www.reactionengine.com/robot)","","83.223.118.170"

"2011-05-11 10:49:05.0","W3C_Validator/1.2","","128.30.52.70"

"2011-05-11 10:49:55.0","Mozilla/5.0 (X11; U; Linux i686; en-US; rv:1.9.2.13) Gecko/20101213 HeartRails_Capture/1.0.4 (+http://capture.heartrails.com/) Namoroka/3.6.13","","216.18.209.44"

"2011-05-11 23:06:06.0","W3C_Validator/1.2","","128.30.52.71"
"2011-05-11 23:07:02.0","W3C_Validator/1.2","","128.30.52.165"

"2011-05-12 02:24:28.0","Mozilla/5.0 (Windows NT 6.0) AppleWebKit/534.24 (KHTML, like Gecko) Chrome/11.0.696.60 Safari/534.24","","143.89.190.35"

"2011-05-12 09:31:38.0","Mozilla/5.0 (compatible; bingbot/2.0; +http://www.bing.com/bingbot.htm)","","207.46.204.243"

"2011-05-12 11:03:20.0","Mozilla/5.0 (Windows NT 6.1; rv:2.0) Gecko/20100101 Firefox/4.0","","112.206.137.170"

"2011-05-12 23:15:22.0","Mozilla/5.0 (Windows; U; Windows NT 6.1; en-US; rv:1.9.2.13) Gecko/20101203 Firefox/3.6.13","","203.177.101.236"
"2011-05-15 01:18:21.0","Mozilla/4.0 (compatible; MSIE 8.0; Windows NT 6.1; Trident/4.0; SLCC2; .NET CLR 2.0.50727; .NET CLR 3.5.30729; .NET CLR 3.0.30729; Media Center PC 6.0; InfoPath.2)","","121.54.2.87"

"2011-05-15 03:37:53.0","Mozilla/5.0 (compatible; Baiduspider/2.0; +http://www.baidu.com/search/spider.html)","","123.125.71.116"

"2011-05-16 14:33:17.0","Mozilla/5.0 (Windows NT 6.1; rv:2.0.1) Gecko/20100101 Firefox/4.0.1","","112.206.146.217"

"2011-05-16 16:21:35.0","Mozilla/5.0 (iPhone; U; CPU iPhone OS 4_2_1 like Mac OS X; en-us) AppleWebKit/533.17.9 (KHTML, like Gecko) Version/5.0.2 Mobile/8C148 Safari/6533.18.5","","166.137.9.231"

"2011-05-16 16:39:20.0","Mozilla/5.0 (iPhone; U; CPU iPhone OS 4_3_3 like Mac OS X; en-us) AppleWebKit/533.17.9 (KHTML, like Gecko) Version/5.0.2 Mobile/8J2 Safari/6533.18.5","","166.137.8.240"
"2011-05-16 19:56:56.0","Mozilla/5.0 (iPhone; U; CPU iPhone OS 4_2_1 like Mac OS X; en-us) AppleWebKit/533.17.9 (KHTML, like Gecko) Version/5.0.2 Mobile/8C148 Safari/6533.18.5","http://equibidz.com/listings/details/index.cfm?itemnum=989461899&curr_cat=S&curr_lvl=0","166.137.11.175"

"2011-05-17 02:59:19.0","Mozilla/5.0 (compatible; bingbot/2.0; +http://www.bing.com/bingbot.htm)","","207.46.13.45"

"2011-05-17 08:38:39.0","Mozilla/5.0 (compatible; Baiduspider/2.0; +http://www.baidu.com/search/spider.html)","","123.125.71.112"

"2011-05-17 08:39:00.0","Mozilla/5.0 (compatible; Baiduspider/2.0; +http://www.baidu.com/search/spider.html)","","123.125.71.109"

"2011-05-17 11:56:27.0","Mozilla/5.0 (iPhone; U; CPU iPhone OS 4_3_3 like Mac OS X; en-us) AppleWebKit/533.17.9 (KHTML, like Gecko) Version/5.0.2 Mobile/8J2 Safari/6533.18.5","","166.137.11.84"
"2011-05-17 14:42:14.0","Mozilla/5.0 (compatible; Baiduspider/2.0; +http://www.baidu.com/search/spider.html)","","119.63.196.51"

"2011-05-18 10:49:37.0","Mozilla/5.0 (iPhone; U; CPU iPhone OS 4_3_3 like Mac OS X; en-us) AppleWebKit/533.17.9 (KHTML, like Gecko) Version/5.0.2 Mobile/8J2 Safari/6533.18.5","","166.137.11.143"

"2011-05-19 09:26:33.0","Mozilla/5.0 (compatible; Baiduspider/2.0; +http://www.baidu.com/search/spider.html)","","123.125.71.105"

"2011-05-19 15:07:09.0","Mozilla/5.0 (compatible; bingbot/2.0; +http://www.bing.com/bingbot.htm)","","65.52.110.26"

"2011-05-19 18:40:57.0","Mozilla/5.0 (Macintosh; U; Intel Mac OS X 10_6_7; en-us) AppleWebKit/533.21.1 (KHTML, like Gecko) Version/5.0.5 Safari/533.21.1","http://www.google.com/url?sa=t&source=web&cd=2&sqi=2&ved=0CCYQFjAB&url=http%3A%2F%2Fequibidz.com%2Flistings%2Ffeatured%2Findex2.cfm%3Fsortby%3Dtitle_desc&rct=j&q=%22Visual%20Auction%20Copyright%22&ei=VYDVTY66J4zdsgaCq4GcBw&usg=AFQjCNFQfxRvBdDAVW3dXhGRXzMzOeC3zQ&sig2=qhJqCBROwMBHRA7RoTKcRw","173.160.52.13"
"2011-05-19 23:36:06.0","Mozilla/5.0 (compatible; Googlebot/2.1; +http://www.google.com/bot.html)","","66.249.67.219"

"2011-05-21 00:42:44.0","Mozilla/5.0 (iPad; U; CPU OS 4_3_3 like Mac OS X; en-us) AppleWebKit/533.17.9 (KHTML, like Gecko) Version/5.0.2 Mobile/8J3 Safari/6533.18.5","","64.121.18.17"

"2011-05-21 05:20:54.0","Mozilla/5.0 (compatible; Baiduspider/2.0; +http://www.baidu.com/search/spider.html)","","123.125.71.99"

"2011-05-21 11:23:47.0","Mozilla/5.0 (compatible; bingbot/2.0; +http://www.bing.com/bingbot.htm)","","207.46.12.240"

"2011-05-22 23:21:59.0","Mozilla/5.0 (compatible; Baiduspider/2.0; +http://www.baidu.com/search/spider.html)","","123.125.71.104"
"2011-05-24 01:13:58.0","Mozilla/5.0 (compatible; Googlebot/2.1; +http://www.google.com/bot.html)","","66.249.67.90"

"2011-05-24 01:44:17.0","Mozilla/5.0 (compatible; bingbot/2.0; +http://www.bing.com/bingbot.htm)","","65.52.110.46"

"2011-05-24 09:21:27.0","Mozilla/5.0 (Windows NT 5.1) AppleWebKit/534.24 (KHTML, like Gecko) Chrome/11.0.696.68 Safari/534.24","","112.205.96.0"

"2011-05-24 21:52:48.0","Mozilla/5.0 (compatible; bingbot/2.0; +http://www.bing.com/bingbot.htm)","","65.52.110.92"

"2011-05-25 01:48:05.0","Mozilla/5.0 (iPhone; U; CPU iPhone OS 4_2_1 like Mac OS X; en-us) AppleWebKit/533.17.9 (KHTML, like Gecko) Version/5.0.2 Mobile/8C148 Safari/6533.18.5","","12.182.106.130"
"2011-05-25 04:50:11.0","Mozilla/5.0 (compatible; Googlebot/2.1; +http://www.google.com/bot.html)","","66.249.67.140"

"2011-05-25 17:15:05.0","Mozilla/5.0 (iPhone; U; CPU iPhone OS 4_3_3 like Mac OS X; en-us) AppleWebKit/533.17.9 (KHTML, like Gecko) Version/5.0.2 Mobile/8J2 Safari/6533.18.5","","166.137.10.215"

"2011-05-26 00:33:42.0","Mozilla/5.0 (iPhone; U; CPU iPhone OS 4_2_1 like Mac OS X; en-us) AppleWebKit/533.17.9 (KHTML, like Gecko) Version/5.0.2 Mobile/8C148 Safari/6533.18.5","http://equibidz.com/registration/findpassword.cfm","166.137.14.55"

"2011-05-27 09:03:49.0","Mozilla/5.0 (compatible; bingbot/2.0; +http://www.bing.com/bingbot.htm)","","207.46.204.189"

"2011-05-27 22:26:42.0","Mozilla/5.0 (compatible; Googlebot/2.1; +http://www.google.com/bot.html)","","66.249.67.84"
"2011-05-28 10:06:52.0","Mozilla/5.0 (compatible; Googlebot/2.1; +http://www.google.com/bot.html)","","66.249.67.236"

"2011-05-28 10:29:20.0","Mozilla/5.0 (compatible; Googlebot/2.1; +http://www.google.com/bot.html)","","66.249.71.136"

"2011-05-29 04:25:58.0","Mozilla/5.0 (compatible; bingbot/2.0; +http://www.bing.com/bingbot.htm)","","207.46.204.196"

"2011-05-29 09:37:09.0","Mozilla/5.0 (compatible; Baiduspider/2.0; +http://www.baidu.com/search/spider.html)","","123.125.71.106"

"2011-05-29 09:57:38.0","Mozilla/5.0 (Windows NT 5.1) AppleWebKit/534.24 (KHTML, like Gecko) Chrome/11.0.696.71 Safari/534.24","","112.205.47.229"
"2011-05-30 19:26:36.0","Mozilla/5.0 (Windows; U; Windows NT 5.1; en; rv:1.9.0.13) Gecko/2009073022 Firefox/3.5.2 (.NET CLR 3.5.30729) SurveyBot/2.3 (DomainTools)","http://whois.domaintools.com/equibidz.com","64.246.165.50"

"2011-05-31 20:14:52.0","Mozilla/5.0 (Windows; U; Windows NT 6.1; en-GB; rv:1.9.1.8) Gecko/20100202 Firefox/3.5.8","","147.251.43.20"

"2011-06-01 11:42:46.0","Mozilla/5.0 (compatible; bingbot/2.0; +http://www.bing.com/bingbot.htm)","","65.52.108.59"

"2011-06-01 13:36:44.0","Mozilla/5.0 (Windows NT 6.1; WOW64; rv:2.0.1) Gecko/20100101 Firefox/4.0.1","","76.73.165.11"

"2011-06-01 17:46:12.0","Mozilla/5.0 (compatible; Yahoo! Slurp; http://help.yahoo.com/help/us/ysearch/slurp)","","67.195.112.115"
"2011-06-01 22:24:26.0","Mozilla/4.0 (compatible; MSIE 8.0; Windows NT 5.1; Trident/4.0; .NET CLR 2.0.50727; .NET CLR 3.0.4506.2152; .NET CLR 3.5.30729)","http://www.google.com.ag/","209.59.96.38"

"2011-06-02 10:01:16.0","Mozilla/5.0 (compatible; Baiduspider/2.0; +http://www.baidu.com/search/spider.html)","","123.125.71.94"

"2011-06-02 10:01:30.0","Mozilla/5.0 (compatible; Baiduspider/2.0; +http://www.baidu.com/search/spider.html)","","123.125.71.107"

"2011-06-02 14:31:59.0","Mozilla/5.0 (compatible; Googlebot/2.1; +http://www.google.com/bot.html)","","66.249.72.212"

"2011-06-03 19:54:43.0","WWW-Mechanize/1.66","","50.16.154.48"
"2011-06-03 22:15:54.0","Mozilla/5.0 (Windows NT 6.1; rv:2.0.1) Gecko/20100101 Firefox/4.0.1","","112.206.150.244"

"2011-06-04 09:43:48.0","Mozilla/5.0 (compatible; Baiduspider/2.0; +http://www.baidu.com/search/spider.html)","","123.125.71.100"

"2011-06-04 17:44:09.0","Mozilla/4.0 (compatible; MSIE 6.0; Windows NT 5.1; SV1)","","188.143.232.40"

"2011-06-05 09:37:12.0","Mozilla/5.0 (compatible; bingbot/2.0; +http://www.bing.com/bingbot.htm)","","65.52.110.74"

"2011-06-05 10:34:11.0","Mozilla/5.0 (compatible; bingbot/2.0; +http://www.bing.com/bingbot.htm)","","207.46.204.235"
"2011-06-05 12:55:21.0","Mozilla/4.0 (compatible; MSIE 6.0; Windows NT 5.1; SV1; InfoPath.1","http://equibidz.com/support/faqsubmit.cfm","94.142.133.188"

"2011-06-07 01:53:05.0","","","184.168.152.136"

"2011-06-07 01:53:10.0","Mozilla/5.0 (X11; U; Linux i686; en-US; rv:1.9.2.17) Gecko/20110515 HeartRails_Capture/1.0.4 (+http://capture.heartrails.com/) Namoroka/3.6.17","","216.18.209.28"

"2011-06-08 00:59:22.0","Mozilla/5.0 (compatible; Yahoo! Slurp; http://help.yahoo.com/help/us/ysearch/slurp)","","67.195.112.84"
